Workbook

Sheet Tabelle1
C6: Januar | D6: Februar | E6: März | F6: April | G6: Mai | H6: Juni | I6: Juli | J6: August | K6: September | L6: Oktober | M6: November | N6: Dezember | O6: Total Jahr
B7: 2025 | C7: =Daten!$AI3 -> 0 | D7: =Daten!$AI4 -> 0 | E7: =Daten!$AI5 -> 0 | F7: =Daten!$AI6 -> 0 | G7: =Daten!$AI7 -> 0 | H7: =Daten!$AI8 -> 0 | I7: =Daten!$AI9 -> 0 | J7: =Daten!$AI10 -> 0 | K7: =Daten!$AI11 -> 0 | L7: =Daten!$AI12 -> 0 | M7: =Daten!$AI13 -> 0 | N7: =Daten!$AI14 -> 0 | O7: =SUM(C7:N7) -> 0
B8: 2026 | C8: =Daten!$AI15 -> 0 | D8: =Daten!$AI16 -> 0 | E8: =Daten!$AI17 -> 0 | F8: =Daten!$AI18 -> 0 | G8: =Daten!$AI19 -> 0 | H8: =Daten!$AI20 -> 0 | I8: =Daten!$AI21 -> 0 | J8: =Daten!$AI22 -> 0 | K8: =Daten!$AI23 -> 0 | L8: =Daten!$AI24 -> 0 | M8: =Daten!$AI25 -> 0 | N8: =Daten!$AI26 -> 0 | O8: =SUM(C8:N8) -> 0
B9: 2027 | C9: =Daten!$AI27 -> 0 | D9: =Daten!$AI28 -> 0 | E9: =Daten!$AI29 -> 0 | F9: =Daten!$AI30 -> 0 | G9: =Daten!$AI31 -> 0 | H9: =Daten!$AI32 -> 0 | I9: =Daten!$AI33 -> 0 | J9: =Daten!$AI34 -> 0 | K9: =Daten!$AI35 -> 0 | L9: =Daten!$AI36 -> 0 | M9: =Daten!$AI37 -> 0 | N9: =Daten!$AI38 -> 0 | O9: =SUM(C9:N9) -> 0
B10: Total Monat | C10: =SUM(C7:C9) -> 0 | D10: =SUM(D7:D9) -> 0 | E10: =SUM(E7:E9) -> 0 | F10: =SUM(F7:F9) -> 0 | G10: =SUM(G7:G9) -> 0 | H10: =SUM(H7:H9) -> 0 | I10: =SUM(I7:I9) -> 0 | J10: =SUM(J7:J9) -> 0 | ... N10: =SUM(N7:N9) -> 0 | O10: =SUM(C10:N10) -> 0
B11: Ø Monat | C11: =AVERAGE(C7:C9) -> 0 | D11: =AVERAGE(D7:D9) -> 0 | E11: =AVERAGE(E7:E9) -> 0 | F11: =AVERAGE(F7:F9) -> 0 | G11: =AVERAGE(G7:G9) -> 0 | H11: =AVERAGE(H7:H9) -> 0 | I11: =AVERAGE(I7:I9) -> 0 | J11: =AVERAGE(J7:J9) -> 0 | ... N11: =AVERAGE(N7:N9) -> 0 | O11: =SUM(C11:N11) -> 0

Sheet Daten
D2: 1 | E2: 2 | F2: 3 | G2: 4 | H2: 5 | I2: 6 | J2: 7 | K2: 8 | L2: 9 | M2: 10 | N2: 11 | O2: 12 | P2: 13 | Q2: 14 | R2: 15 | S2: 16 | T2: 17 | U2: 18 | V2: 19 | W2: 20 | X2: 21 | Y2: 22 | Z2: 23 | AA2: 24 | AB2: 25 | AC2: 26 | AD2: 27 | AE2: 28 | AF2: 29 | AG2: 30 | AH2: 31 | AI2: Total | AJ2: Durchschnitt | AK2: Strompreis | AL2: Ersparnis
B3: 2025 | C3: Januar | AI3: =SUM(D3:AH3) -> 0 | AJ3: =AVERAGE(D3:AH3) -> #DIV/0! | AL3: =AI3*AK3 -> 0
C4: Februar | AI4: =SUM(D4:AH4) -> 0 | AJ4: =AVERAGE(D4:AH4) -> #DIV/0! | AL4: =AI4*AK4 -> 0
C5: März | AI5: =SUM(D5:AH5) -> 0 | AJ5: =AVERAGE(D5:AH5) -> #DIV/0! | AL5: =AI5*AK5 -> 0
C6: April | AI6: =SUM(D6:AH6) -> 0 | AJ6: =AVERAGE(D6:AH6) -> #DIV/0! | AL6: =AI6*AK6 -> 0
C7: Mai | AI7: =SUM(D7:AH7) -> 0 | AJ7: =AVERAGE(D7:AH7) -> #DIV/0! | AL7: =AI7*AK7 -> 0
C8: Juni | AI8: =SUM(D8:AH8) -> 0 | AJ8: =AVERAGE(D8:AH8) -> #DIV/0! | AL8: =AI8*AK8 -> 0
C9: Juli | AI9: =SUM(D9:AH9) -> 0 | AJ9: =AVERAGE(D9:AH9) -> #DIV/0! | AL9: =AI9*AK9 -> 0
C10: August | AI10: =SUM(D10:AH10) -> 0 | AJ10: =AVERAGE(D10:AH10) -> #DIV/0! | AL10: =AI10*AK10 -> 0
C11: September | AI11: =SUM(D11:AH11) -> 0 | AJ11: =AVERAGE(D11:AH11) -> #DIV/0! | AL11: =AI11*AK11 -> 0
C12: Oktober | AI12: =SUM(D12:AH12) -> 0 | AJ12: =AVERAGE(D12:AH12) -> #DIV/0! | AL12: =AI12*AK12 -> 0
C13: November | AI13: =SUM(D13:AH13) -> 0 | AJ13: =AVERAGE(D13:AH13) -> #DIV/0! | AL13: =AI13*AK13 -> 0
C14: Dezember | AI14: =SUM(D14:AH14) -> 0 | AJ14: =AVERAGE(D14:AH14) -> #DIV/0! | AL14: =AI14*AK14 -> 0 | AM14: =SUM(AI3:AI14) -> 0 | AN14: =SUM(AL3:AL14) -> 0
B15: 2026 | C15: Januar | AI15: =SUM(D15:AH15) -> 0 | AJ15: =AVERAGE(D15:AH15) -> #DIV/0! | AL15: =AI15*AK15 -> 0
C16: Februar | AI16: =SUM(D16:AH16) -> 0 | AJ16: =AVERAGE(D16:AH16) -> #DIV/0! | AL16: =AI16*AK16 -> 0
C17: März | AI17: =SUM(D17:AH17) -> 0 | AJ17: =AVERAGE(D17:AH17) -> #DIV/0! | AL17: =AI17*AK17 -> 0
C18: April | AI18: =SUM(D18:AH18) -> 0 | AJ18: =AVERAGE(D18:AH18) -> #DIV/0! | AL18: =AI18*AK18 -> 0
C19: Mai | AI19: =SUM(D19:AH19) -> 0 | AJ19: =AVERAGE(D19:AH19) -> #DIV/0! | AL19: =AI19*AK19 -> 0
C20: Juni | AI20: =SUM(D20:AH20) -> 0 | AJ20: =AVERAGE(D20:AH20) -> #DIV/0! | AL20: =AI20*AK20 -> 0
C21: Juli | AI21: =SUM(D21:AH21) -> 0 | AJ21: =AVERAGE(D21:AH21) -> #DIV/0! | AL21: =AI21*AK21 -> 0
C22: August | AI22: =SUM(D22:AH22) -> 0 | AJ22: =AVERAGE(D22:AH22) -> #DIV/0! | AL22: =AI22*AK22 -> 0
C23: September | AI23: =SUM(D23:AH23) -> 0 | AJ23: =AVERAGE(D23:AH23) -> #DIV/0! | AL23: =AI23*AK23 -> 0
C24: Oktober | AI24: =SUM(D24:AH24) -> 0 | AJ24: =AVERAGE(D24:AH24) -> #DIV/0! | AL24: =AI24*AK24 -> 0
C25: November | AI25: =SUM(D25:AH25) -> 0 | AJ25: =AVERAGE(D25:AH25) -> #DIV/0! | AL25: =AI25*AK25 -> 0
C26: Dezember | AI26: =SUM(D26:AH26) -> 0 | AJ26: =AVERAGE(D26:AH26) -> #DIV/0! | AL26: =AI26*AK26 -> 0 | AM26: =SUM(AI15:AI26) -> 0 | AN26: =SUM(AL15:AL26) -> 0
B27: 2027 | C27: Januar | AI27: =SUM(D27:AH27) -> 0 | AJ27: =AVERAGE(D27:AH27) -> #DIV/0! | AL27: =AI27*AK27 -> 0
C28: Februar | AI28: =SUM(D28:AH28) -> 0 | AJ28: =AVERAGE(D28:AH28) -> #DIV/0! | AL28: =AI28*AK28 -> 0
C29: März | AI29: =SUM(D29:AH29) -> 0 | AJ29: =AVERAGE(D29:AH29) -> #DIV/0! | AL29: =AI29*AK29 -> 0
C30: April | AI30: =SUM(D30:AH30) -> 0 | AJ30: =AVERAGE(D30:AH30) -> #DIV/0! | AL30: =AI30*AK30 -> 0
C31: Mai | AI31: =SUM(D31:AH31) -> 0 | AJ31: =AVERAGE(D31:AH31) -> #DIV/0! | AL31: =AI31*AK31 -> 0
C32: Juni | AI32: =SUM(D32:AH32) -> 0 | AJ32: =AVERAGE(D32:AH32) -> #DIV/0! | AL32: =AI32*AK32 -> 0
C33: Juli | AI33: =SUM(D33:AH33) -> 0 | AJ33: =AVERAGE(D33:AH33) -> #DIV/0! | AL33: =AI33*AK33 -> 0
C34: August | AI34: =SUM(D34:AH34) -> 0 | AJ34: =AVERAGE(D34:AH34) -> #DIV/0! | AL34: =AI34*AK34 -> 0
C35: September | AI35: =SUM(D35:AH35) -> 0 | AJ35: =AVERAGE(D35:AH35) -> #DIV/0! | AL35: =AI35*AK35 -> 0
C36: Oktober | AI36: =SUM(D36:AH36) -> 0 | AJ36: =AVERAGE(D36:AH36) -> #DIV/0! | AL36: =AI36*AK36 -> 0
C37: November | AI37: =SUM(D37:AH37) -> 0 | AJ37: =AVERAGE(D37:AH37) -> #DIV/0! | AL37: =AI37*AK37 -> 0
C38: Dezember | AI38: =SUM(D38:AH38) -> 0 | AJ38: =AVERAGE(D38:AH38) -> #DIV/0! | AL38: =AI38*AK38 -> 0 | AM38: =SUM(AI27:AI38) -> 0 | AN38: =SUM(AL27:AL38) -> 0
